ТИП НЕДВИЖИМОСТИ;КЛАСС КВАРТИРЫ;ТИП КВАРТИРЫ;Площадь;Стиль;Цветовая гама;Свет/цвет;Яркость;Ц.А.;ссылки
Квартиры;ЭКОНОМ;ОДНОКОМНАТНАЯ;25-50;СОВРЕМЕННЫЙ;СВЕТЛАЯ;ТЕПЛОЕ;ТЕПЛОЕ;1 ЧЕЛ;https://disk.yandex.ru/d/ycyGRC2gUVwIlQ
Квартиры;ЭКОНОМ;ОДНОКОМНАТНАЯ;25-50;СОВРЕМЕННЫЙ;СВЕТЛАЯ;ТЕПЛОЕ;ЯРКАЯ;ПАРА;https://disk.yandex.ru/d/A3r7H7-fjNXBSA
Квартиры;ЭКОНОМ;ОДНОКОМНАТНАЯ;25-50;СОВРЕМЕННЫЙ;СВЕТЛАЯ;ТЕПЛОЕ;ЯРКАЯ;СЕМЬЯ ( ПАРА+1);https://disk.yandex.ru/d/ggx1ORyk1zEVrA
Квартиры;ЭКОНОМ;ОДНОКОМНАТНАЯ;25-50;СОВРЕМЕННЫЙ;СВЕТЛАЯ;ТЕПЛОЕ;ЯРКАЯ;СЕМЬЯ ( ПАРА+2);https://disk.yandex.ru/d/AJFFbsAXn1XERw
Квартиры;ЭКОНОМ;ОДНОКОМНАТНАЯ;25-50;СОВРЕМЕННЫЙ;СВЕТЛАЯ;ХОЛОДНОЕ;ЯРКАЯ;1 ЧЕЛ;https://disk.yandex.ru/d/f-DmDwbROxKNoA
Квартиры;ЭКОНОМ;ОДНОКОМНАТНАЯ;25-50;СОВРЕМЕННЫЙ;СВЕТЛАЯ;ХОЛОДНОЕ;ЯРКАЯ;ПАРА;https://disk.yandex.ru/d/DCwz-1XmDmERFw
Квартиры;ЭКОНОМ;ОДНОКОМНАТНАЯ;25-50;СОВРЕМЕННЫЙ;СВЕТЛАЯ;ХОЛОДНОЕ;ЯРКАЯ;СЕМЬЯ ( ПАРА+1);https://disk.yandex.ru/d/KtnM_OdALCYaYg
Квартиры;ЭКОНОМ;ОДНОКОМНАТНАЯ;25-50;СОВРЕМЕННЫЙ;СВЕТЛАЯ;ХОЛОДНОЕ;ЯРКАЯ;СЕМЬЯ ( ПАРА+2);https://disk.yandex.ru/d/7qmk5pNatONWyw
Квартиры;ЭКОНОМ;ОДНОКОМНАТНАЯ;25-50;СОВРЕМЕННЫЙ;ТЕМНАЯ;ТЕПЛОЕ;ЯРКАЯ;1 ЧЕЛ;https://disk.yandex.ru/d/8QoEzd33XqyUDg
Квартиры;ЭКОНОМ;ОДНОКОМНАТНАЯ;25-50;СОВРЕМЕННЫЙ;ТЕМНАЯ;ТЕПЛОЕ;ЯРКАЯ;ПАРА;https://disk.yandex.ru/d/8qmXOvGLB_H53Q
Квартиры;ЭКОНОМ;ОДНОКОМНАТНАЯ;25-50;СОВРЕМЕННЫЙ;ТЕМНАЯ;ТЕПЛОЕ;ЯРКАЯ;СЕМЬЯ ( ПАРА+1);https://disk.yandex.ru/d/lQKSmfPaiZm4KA
Квартиры;ЭКОНОМ;ОДНОКОМНАТНАЯ;25-50;СОВРЕМЕННЫЙ;ТЕМНАЯ;ТЕПЛОЕ;ЯРКАЯ;СЕМЬЯ ( ПАРА+2);https://disk.yandex.ru/d/oCrDXi5mpQZQRg
Квартиры;ЭКОНОМ;ОДНОКОМНАТНАЯ;25-50;СОВРЕМЕННЫЙ;ТЕМНАЯ;ХОЛОДНОЕ;ЯРКАЯ;1 ЧЕЛ;https://disk.yandex.ru/d/RPZNvu1XoXMSfQ
Квартиры;ЭКОНОМ;ОДНОКОМНАТНАЯ;25-50;СОВРЕМЕННЫЙ;ТЕМНАЯ;ХОЛОДНОЕ;ЯРКАЯ;ПАРА;https://disk.yandex.ru/d/_dsQVzJNNBaOvA
Квартиры;ЭКОНОМ;ОДНОКОМНАТНАЯ;25-50;СОВРЕМЕННЫЙ;ТЕМНАЯ;ХОЛОДНОЕ;ЯРКАЯ;СЕМЬЯ ( ПАРА+1);https://disk.yandex.ru/d/OlZi3atjs7LGCw
Квартиры;ЭКОНОМ;ОДНОКОМНАТНАЯ;25-50;МИНИМАЛИЗМ;СВЕТЛАЯ;ТЕПЛОЕ;ЯРКАЯ;1 ЧЕЛ;https://disk.yandex.ru/d/o_PWs8sVYsm_Sw
Квартиры;ЭКОНОМ;ОДНОКОМНАТНАЯ;25-50;МИНИМАЛИЗМ;СВЕТЛАЯ;ТЕПЛОЕ;ЯРКАЯ;ПАРА;https://disk.yandex.ru/d/Hx6b_Mx-qf6Msw
Квартиры;ЭКОНОМ;ОДНОКОМНАТНАЯ;25-50;МИНИМАЛИЗМ;СВЕТЛАЯ;ТЕПЛОЕ;ЯРКАЯ;СЕМЬЯ ( ПАРА+1);https://disk.yandex.ru/d/9jex59KwLNFheQ
Квартиры;ЭКОНОМ;ОДНОКОМНАТНАЯ;25-50;МИНИМАЛИЗМ;СВЕТЛАЯ;ТЕПЛОЕ;ЯРКАЯ;СЕМЬЯ ( ПАРА+2);https://disk.yandex.ru/d/2qRJEOSn9Lsm6g
Квартиры;ЭКОНОМ;ОДНОКОМНАТНАЯ;25-50;МИНИМАЛИЗМ;СВЕТЛАЯ;ХОЛОДНОЕ;ЯРКАЯ;1 ЧЕЛ;https://disk.yandex.ru/d/dr9IKGtj4Kq_hg
Квартиры;ЭКОНОМ;ОДНОКОМНАТНАЯ;25-50;МИНИМАЛИЗМ;СВЕТЛАЯ;ХОЛОДНОЕ;ЯРКАЯ;ПАРА;https://disk.yandex.ru/d/z6-g0UhNGiLgiQ
Квартиры;ЭКОНОМ;ОДНОКОМНАТНАЯ;25-50;МИНИМАЛИЗМ;СВЕТЛАЯ;ХОЛОДНОЕ;ЯРКАЯ;СЕМЬЯ ( ПАРА+1);https://disk.yandex.ru/d/F3AfGtgGr1w_xw
Квартиры;ЭКОНОМ;ОДНОКОМНАТНАЯ;25-50;МИНИМАЛИЗМ;СВЕТЛАЯ;ХОЛОДНОЕ;ЯРКАЯ;СЕМЬЯ ( ПАРА+2);https://disk.yandex.ru/d/6CP4z_j-2T3A-Q
Квартиры;ЭКОНОМ;ОДНОКОМНАТНАЯ;25-50;МИНИМАЛИЗМ;ТЕМНАЯ;ТЕПЛОЕ;ЯРКАЯ;1 ЧЕЛ;https://disk.yandex.ru/d/1Y_MIzepn6_Qow
Квартиры;ЭКОНОМ;ОДНОКОМНАТНАЯ;25-50;МИНИМАЛИЗМ;ТЕМНАЯ;ТЕПЛОЕ;ЯРКАЯ;СЕМЬЯ ( ПАРА+1);https://disk.yandex.ru/d/74gvn33oxdQP7Q
Квартиры;ЭКОНОМ;ДВУХКОМНАТНАЯ;50-100;СОВРЕМЕННЫЙ;СВЕТЛАЯ;ТЕПЛОЕ;ЯРКАЯ;1 ЧЕЛ;https://disk.yandex.ru/d/qHhX_tqBuUMPbw
Квартиры;ЭКОНОМ;ДВУХКОМНАТНАЯ;50-100;СОВРЕМЕННЫЙ;СВЕТЛАЯ;ТЕПЛОЕ;ЯРКАЯ;ПАРА;https://disk.yandex.ru/d/GFEOHyiL8D9Tkw
Квартиры;ЭКОНОМ;ДВУХКОМНАТНАЯ;50-100;СОВРЕМЕННЫЙ;СВЕТЛАЯ;ТЕПЛОЕ;ЯРКАЯ;СЕМЬЯ ( ПАРА+1);https://disk.yandex.ru/d/yORB-siG4fOQng
Квартиры;ЭКОНОМ;ДВУХКОМНАТНАЯ;50-100;СОВРЕМЕННЫЙ;СВЕТЛАЯ;ТЕПЛОЕ;ЯРКАЯ;СЕМЬЯ ( ПАРА+2);https://disk.yandex.ru/d/fHuHoGqgXjlr6A
Квартиры;ЭКОНОМ;ДВУХКОМНАТНАЯ;50-100;СОВРЕМЕННЫЙ;СВЕТЛАЯ;ХОЛОДНОЕ;ЯРКАЯ;1 ЧЕЛ;https://disk.yandex.ru/d/1tGnTzh5O8C93w
Квартиры;ЭКОНОМ;ДВУХКОМНАТНАЯ;50-100;СОВРЕМЕННЫЙ;СВЕТЛАЯ;ХОЛОДНОЕ;ЯРКАЯ;ПАРА;https://disk.yandex.ru/d/BJLq3-iFdHOULQ
Квартиры;ЭКОНОМ;ДВУХКОМНАТНАЯ;50-100;СОВРЕМЕННЫЙ;СВЕТЛАЯ;ХОЛОДНОЕ;ЯРКАЯ;СЕМЬЯ ( ПАРА+1);https://disk.yandex.ru/d/JWLegAX0NEH9TA
Квартиры;ЭКОНОМ;ДВУХКОМНАТНАЯ;50-100;СОВРЕМЕННЫЙ;СВЕТЛАЯ;ХОЛОДНОЕ;ЯРКАЯ;СЕМЬЯ ( ПАРА+2);https://disk.yandex.ru/d/D8xl7ys2j3Xtfw
Квартиры;ЭКОНОМ;ДВУХКОМНАТНАЯ;50-100;СОВРЕМЕННЫЙ;ТЕМНАЯ;ТЕПЛОЕ;ЯРКАЯ;1 ЧЕЛ;https://disk.yandex.ru/d/5WPi0S-I333zBQ
Квартиры;ЭКОНОМ;ДВУХКОМНАТНАЯ;50-100;СОВРЕМЕННЫЙ;ТЕМНАЯ;ТЕПЛОЕ;ЯРКАЯ;ПАРА;https://disk.yandex.ru/d/eNg0uwjTIbOMUw
Квартиры;ЭКОНОМ;ДВУХКОМНАТНАЯ;50-100;СОВРЕМЕННЫЙ;ТЕМНАЯ;ТЕПЛОЕ;ЯРКАЯ;СЕМЬЯ ( ПАРА+1);https://disk.yandex.ru/d/F-tWhQdpsdu2nA
Квартиры;ЭКОНОМ;ДВУХКОМНАТНАЯ;50-100;СОВРЕМЕННЫЙ;ТЕМНАЯ;ТЕПЛОЕ;ЯРКАЯ;СЕМЬЯ ( ПАРА+2);https://disk.yandex.ru/d/62G8HJr5lzmM8g
Квартиры;ЭКОНОМ;ДВУХКОМНАТНАЯ;50-100;СОВРЕМЕННЫЙ;ТЕМНАЯ;ХОЛОДНОЕ;ЯРКАЯ;1 ЧЕЛ;https://disk.yandex.ru/d/7Fslw7n_CL9hgw
Квартиры;ЭКОНОМ;ДВУХКОМНАТНАЯ;50-100;СОВРЕМЕННЫЙ;ТЕМНАЯ;ХОЛОДНОЕ;ЯРКАЯ;СЕМЬЯ ( ПАРА+1);https://disk.yandex.ru/d/-EddIOL5OCxnRA
Квартиры;ЭКОНОМ;ДВУХКОМНАТНАЯ;50-100;СОВРЕМЕННЫЙ;ТЕМНАЯ;ХОЛОДНОЕ;ЯРКАЯ;СЕМЬЯ ( ПАРА+2);https://disk.yandex.ru/d/LrJN9HmL6tupcw
Квартиры;ЭКОНОМ;ТРЕХКОМНАТНАЯ;100-200;СОВРЕМЕННЫЙ;СВЕТЛАЯ;ТЕПЛОЕ;ЯРКАЯ;1 ЧЕЛ;https://disk.yandex.ru/d/0W3qTEnUU6FBhw
Квартиры;ЭКОНОМ;ТРЕХКОМНАТНАЯ;100-200;СОВРЕМЕННЫЙ;СВЕТЛАЯ;ТЕПЛОЕ;ЯРКАЯ;ПАРА;https://disk.yandex.ru/d/Km3ruFo81P3DuQ
Квартиры;ЭКОНОМ;ТРЕХКОМНАТНАЯ;100-200;СОВРЕМЕННЫЙ;СВЕТЛАЯ;ТЕПЛОЕ;ЯРКАЯ;СЕМЬЯ ( ПАРА+1);https://disk.yandex.ru/d/cgiGddueVieyAA
Квартиры;ЭКОНОМ;ТРЕХКОМНАТНАЯ;100-200;СОВРЕМЕННЫЙ;СВЕТЛАЯ;ТЕПЛОЕ;ЯРКАЯ;СЕМЬЯ ( ПАРА+2);https://disk.yandex.ru/d/wN-x8E_qUzOYWw
Квартиры;ЭКОНОМ;ТРЕХКОМНАТНАЯ;100-200;СОВРЕМЕННЫЙ;СВЕТЛАЯ;ХОЛОДНОЕ;ЯРКАЯ;1 ЧЕЛ;https://disk.yandex.ru/d/AxIU_u7nUViSuw
Квартиры;ЭКОНОМ;ТРЕХКОМНАТНАЯ;100-200;СОВРЕМЕННЫЙ;СВЕТЛАЯ;ХОЛОДНОЕ;ЯРКАЯ;ПАРА;https://disk.yandex.ru/d/ZtSnLl0ioI6qXg
Квартиры;ЭКОНОМ;ТРЕХКОМНАТНАЯ;100-200;СОВРЕМЕННЫЙ;СВЕТЛАЯ;ХОЛОДНОЕ;ЯРКАЯ;СЕМЬЯ ( ПАРА+1);https://disk.yandex.ru/d/lhR8mhNjdNSxmg
Квартиры;ЭКОНОМ;ТРЕХКОМНАТНАЯ;100-200;СОВРЕМЕННЫЙ;СВЕТЛАЯ;ХОЛОДНОЕ;ЯРКАЯ;СЕМЬЯ ( ПАРА+2);https://disk.yandex.ru/d/pp3UymwkAs7BSg
Квартиры;ЭКОНОМ;ТРЕХКОМНАТНАЯ;100-200;СОВРЕМЕННЫЙ;ТЕМНАЯ;ТЕПЛОЕ;ЯРКАЯ;ПАРА;https://disk.yandex.ru/d/KE9YbNy_hcZsDQ
Квартиры;ЭКОНОМ;ТРЕХКОМНАТНАЯ;100-200;СОВРЕМЕННЫЙ;ТЕМНАЯ;ТЕПЛОЕ;ЯРКАЯ;СЕМЬЯ ( ПАРА+1);https://disk.yandex.ru/d/q_9JXvhYKHvMcw
Квартиры;ЭКОНОМ;ТРЕХКОМНАТНАЯ;100-200;СОВРЕМЕННЫЙ;ТЕМНАЯ;ХОЛОДНОЕ;ЯРКАЯ;ПАРА;https://disk.yandex.ru/d/qzFERtLwtlg0bw
Квартиры;ЭКОНОМ;ТРЕХКОМНАТНАЯ;100-200;СОВРЕМЕННЫЙ;ТЕМНАЯ;ХОЛОДНОЕ;ЯРКАЯ;СЕМЬЯ ( ПАРА+1);https://disk.yandex.ru/d/K37Q01nFhfo9sg
Квартиры;ЭКОНОМ;ТРЕХКОМНАТНАЯ;100-200;СОВРЕМЕННЫЙ;ТЕМНАЯ;ХОЛОДНОЕ;ЯРКАЯ;СЕМЬЯ ( ПАРА+2);https://disk.yandex.ru/d/ZSaJ3_d3WDSpJg
Квартиры;КОМФОРТ;ОДНОКОМНАТНАЯ;25-50;СОВРЕМЕННЫЙ;СВЕТЛАЯ;ТЕПЛОЕ;ЯРКАЯ;ПАРА;https://disk.yandex.ru/d/pURl56GoLVgNeQ
Квартиры;КОМФОРТ;ОДНОКОМНАТНАЯ;25-50;СОВРЕМЕННЫЙ;СВЕТЛАЯ;ТЕПЛОЕ;ЯРКАЯ;СЕМЬЯ ( ПАРА+1);https://disk.yandex.ru/d/mwbJN3PapSLZNw
Квартиры;КОМФОРТ;ОДНОКОМНАТНАЯ;25-50;СОВРЕМЕННЫЙ;СВЕТЛАЯ;ХОЛОДНОЕ;ЯРКАЯ;СЕМЬЯ ( ПАРА+2);https://disk.yandex.ru/d/CrS1bI7kY6vrSQ
Квартиры;КОМФОРТ;ОДНОКОМНАТНАЯ;25-50;СКАНДИНАВСКИЙ;СВЕТЛАЯ;ТЕПЛОЕ;НЕЙТРАЛЬНАЯ;1 ЧЕЛ;https://disk.yandex.ru/d/r5N7_2cdfmdIKg
Квартиры;КОМФОРТ;ОДНОКОМНАТНАЯ;25-50;СКАНДИНАВСКИЙ;СВЕТЛАЯ;ТЕПЛОЕ;НЕЙТРАЛЬНАЯ;ПАРА;https://disk.yandex.ru/d/EDT9AcoGti5Rpg
Квартиры;КОМФОРТ;ОДНОКОМНАТНАЯ;25-50;СКАНДИНАВСКИЙ;СВЕТЛАЯ;ТЕПЛОЕ;НЕЙТРАЛЬНАЯ;СЕМЬЯ ( ПАРА+1);https://disk.yandex.ru/d/MZfgfQZLz8XSxw
Квартиры;КОМФОРТ;ОДНОКОМНАТНАЯ;25-50;СКАНДИНАВСКИЙ;СВЕТЛАЯ;ТЕПЛОЕ;НЕЙТРАЛЬНАЯ;СЕМЬЯ ( ПАРА+2);https://disk.yandex.ru/d/S2HOZdSTaeF82A
Квартиры;КОМФОРТ;ОДНОКОМНАТНАЯ;25-50;СКАНДИНАВСКИЙ;СВЕТЛАЯ;ХОЛОДНОЕ;НЕЙТРАЛЬНАЯ;1 ЧЕЛ;https://disk.yandex.ru/d/6mb54jmA1LqXUQ
Квартиры;КОМФОРТ;ДВУХКОМНАТНАЯ;50-100;СОВРЕМЕННЫЙ;СВЕТЛАЯ;ТЕПЛОЕ;ЯРКАЯ;1 ЧЕЛ;https://disk.yandex.ru/d/3u0GTDgTkK59Rg
Квартиры;КОМФОРТ;ДВУХКОМНАТНАЯ;50-100;СОВРЕМЕННЫЙ;СВЕТЛАЯ;ТЕПЛОЕ;ЯРКАЯ;ПАРА;https://disk.yandex.ru/d/70f8sOmkrMdkqQ
Квартиры;КОМФОРТ;ДВУХКОМНАТНАЯ;50-100;СОВРЕМЕННЫЙ;СВЕТЛАЯ;ТЕПЛОЕ;ЯРКАЯ;СЕМЬЯ ( ПАРА+2);https://disk.yandex.ru/d/60WTuvSYXIii_w
Квартиры;КОМФОРТ;ДВУХКОМНАТНАЯ;50-100;СОВРЕМЕННЫЙ;СВЕТЛАЯ;ХОЛОДНОЕ;ЯРКАЯ;СЕМЬЯ ( ПАРА+1);https://disk.yandex.ru/d/S3j9aFvZbxFwVg
Квартиры;КОМФОРТ;ДВУХКОМНАТНАЯ;50-100;СОВРЕМЕННЫЙ;ТЕМНАЯ;ХОЛОДНОЕ;ЯРКАЯ;ПАРА;https://disk.yandex.ru/d/fMmY-qODo0aWbg
Квартиры;КОМФОРТ;ДВУХКОМНАТНАЯ;50-100;МИНИМАЛИЗМ;СВЕТЛАЯ;ТЕПЛОЕ;ЯРКАЯ;СЕМЬЯ ( ПАРА+2);https://disk.yandex.ru/d/KSaIsWYlGb-q9g
Квартиры;КОМФОРТ;ДВУХКОМНАТНАЯ;50-100;МИНИМАЛИЗМ;СВЕТЛАЯ;ХОЛОДНОЕ;ЯРКАЯ;ПАРА;https://disk.yandex.ru/d/7GnAPCMaN-6t5A
Квартиры;КОМФОРТ;ДВУХКОМНАТНАЯ;50-100;МИНИМАЛИЗМ;СВЕТЛАЯ;ХОЛОДНОЕ;ЯРКАЯ;СЕМЬЯ ( ПАРА+1);https://disk.yandex.ru/d/J77mmoii7D1MFQ
Квартиры;КОМФОРТ;ДВУХКОМНАТНАЯ;50-100;СКАНДИНАВСКИЙ;СВЕТЛАЯ;ТЕПЛОЕ;НЕЙТРАЛЬНАЯ;1 ЧЕЛ;https://disk.yandex.ru/d/0o01TvofwbmMWA
Квартиры;КОМФОРТ;ДВУХКОМНАТНАЯ;50-100;СКАНДИНАВСКИЙ;СВЕТЛАЯ;ТЕПЛОЕ;НЕЙТРАЛЬНАЯ;ПАРА;https://disk.yandex.ru/d/YlT7rEx1H183MA
Квартиры;КОМФОРТ;ДВУХКОМНАТНАЯ;50-100;СКАНДИНАВСКИЙ;СВЕТЛАЯ;ТЕПЛОЕ;НЕЙТРАЛЬНАЯ;СЕМЬЯ ( ПАРА+1);https://disk.yandex.ru/d/VsKJxw-fQS4NJw
Квартиры;КОМФОРТ;ДВУХКОМНАТНАЯ;50-100;СКАНДИНАВСКИЙ;СВЕТЛАЯ;ТЕПЛОЕ;НЕЙТРАЛЬНАЯ;СЕМЬЯ ( ПАРА+2);https://disk.yandex.ru/d/p72Zz9vbh8fFGg
Квартиры;КОМФОРТ;ДВУХКОМНАТНАЯ;50-100;СКАНДИНАВСКИЙ;СВЕТЛАЯ;ХОЛОДНОЕ;НЕЙТРАЛЬНАЯ;1 ЧЕЛ;https://disk.yandex.ru/d/XqHChLtw9TAwyw
Квартиры;КОМФОРТ;ДВУХКОМНАТНАЯ;50-100;СКАНДИНАВСКИЙ;СВЕТЛАЯ;ХОЛОДНОЕ;НЕЙТРАЛЬНАЯ;ПАРА;https://disk.yandex.ru/d/rYpBKAnvAYT-2A
Квартиры;КОМФОРТ;ТРЕХКОМНАТНАЯ;100-200;СОВРЕМЕННЫЙ;СВЕТЛАЯ;ТЕПЛОЕ;ЯРКАЯ;СЕМЬЯ ( ПАРА+1);https://disk.yandex.ru/d/pXBgGuaxIfqolQ
Квартиры;КОМФОРТ;ТРЕХКОМНАТНАЯ;100-200;МИНИМАЛИЗМ;ТЕМНАЯ;ТЕПЛОЕ;ЯРКАЯ;1 ЧЕЛ;https://disk.yandex.ru/d/wL41YYyyb61Ufw
Квартиры;КОМФОРТ;ТРЕХКОМНАТНАЯ;100-200;СКАНДИНАВСКИЙ;СВЕТЛАЯ;ТЕПЛОЕ;НЕЙТРАЛЬНАЯ;1 ЧЕЛ;https://disk.yandex.ru/d/4yjWCBxXbOuXTQ
Квартиры;КОМФОРТ;ТРЕХКОМНАТНАЯ;100-200;СКАНДИНАВСКИЙ;СВЕТЛАЯ;ТЕПЛОЕ;НЕЙТРАЛЬНАЯ;СЕМЬЯ ( ПАРА+1);https://disk.yandex.ru/d/xiP7Ru2ipodMyA
Квартиры;КОМФОРТ;ТРЕХКОМНАТНАЯ;100-200;СКАНДИНАВСКИЙ;СВЕТЛАЯ;ТЕПЛОЕ;НЕЙТРАЛЬНАЯ;СЕМЬЯ ( ПАРА+2);https://disk.yandex.ru/d/HpwEiqYFQAvWEA
Квартиры;БИЗНЕС;ОДНОКОМНАТНАЯ;25-50;СОВРЕМЕННЫЙ;СВЕТЛАЯ;ТЕПЛОЕ;ЯРКАЯ;1 ЧЕЛ;https://disk.yandex.ru/d/HG5n2RK3DiOGgA
Квартиры;БИЗНЕС;ОДНОКОМНАТНАЯ;25-50;СОВРЕМЕННЫЙ;СВЕТЛАЯ;ТЕПЛОЕ;ЯРКАЯ;ПАРА;https://disk.yandex.ru/d/8By_3P5HiUBzjg
Квартиры;БИЗНЕС;ОДНОКОМНАТНАЯ;25-50;СОВРЕМЕННЫЙ;СВЕТЛАЯ;ТЕПЛОЕ;ЯРКАЯ;СЕМЬЯ ( ПАРА+2);https://disk.yandex.ru/d/q9M-2UMfd8fM3w
Квартиры;БИЗНЕС;ОДНОКОМНАТНАЯ;25-50;СОВРЕМЕННЫЙ;СВЕТЛАЯ;ХОЛОДНОЕ;ЯРКАЯ;ПАРА;https://disk.yandex.ru/d/V9PSM3JDIRvC-Q
Квартиры;БИЗНЕС;ОДНОКОМНАТНАЯ;25-50;СОВРЕМЕННЫЙ;СВЕТЛАЯ;ХОЛОДНОЕ;ЯРКАЯ;СЕМЬЯ ( ПАРА+1);https://disk.yandex.ru/d/RNUlbGaMQNAzIQ
Квартиры;БИЗНЕС;ОДНОКОМНАТНАЯ;25-50;СОВРЕМЕННЫЙ;ТЕМНАЯ;ТЕПЛОЕ;ЯРКАЯ;1 ЧЕЛ;https://disk.yandex.ru/d/ytccIucEf2hpAw
Квартиры;БИЗНЕС;ОДНОКОМНАТНАЯ;25-50;МИНИМАЛИЗМ;СВЕТЛАЯ;ТЕПЛОЕ;ЯРКАЯ;1 ЧЕЛ;https://disk.yandex.ru/d/cuKfVmZ4iRSLXQ
Квартиры;БИЗНЕС;ОДНОКОМНАТНАЯ;25-50;МИНИМАЛИЗМ;СВЕТЛАЯ;ТЕПЛОЕ;ЯРКАЯ;ПАРА;https://disk.yandex.ru/d/lTHzbGphd6ZrRg
Квартиры;БИЗНЕС;ОДНОКОМНАТНАЯ;25-50;МИНИМАЛИЗМ;СВЕТЛАЯ;ТЕПЛОЕ;ЯРКАЯ;СЕМЬЯ ( ПАРА+1);https://disk.yandex.ru/d/hOm5IusHuWJHSA
Квартиры;БИЗНЕС;ОДНОКОМНАТНАЯ;25-50;МИНИМАЛИЗМ;СВЕТЛАЯ;ТЕПЛОЕ;ЯРКАЯ;СЕМЬЯ ( ПАРА+2);https://disk.yandex.ru/d/utaohqubFeVXjA
Квартиры;БИЗНЕС;ОДНОКОМНАТНАЯ;25-50;МИНИМАЛИЗМ;ТЕМНАЯ;ТЕПЛОЕ;ЯРКАЯ;1 ЧЕЛ;https://disk.yandex.ru/d/9mpaLoDoyu-o_A
Квартиры;БИЗНЕС;ОДНОКОМНАТНАЯ;25-50;МИНИМАЛИЗМ;ТЕМНАЯ;ТЕПЛОЕ;ЯРКАЯ;СЕМЬЯ ( ПАРА+1);https://disk.yandex.ru/d/xkEMKegyM_lsaQ
Квартиры;БИЗНЕС;ОДНОКОМНАТНАЯ;25-50;МИНИМАЛИЗМ;ТЕМНАЯ;ТЕПЛОЕ;ЯРКАЯ;СЕМЬЯ ( ПАРА+2);https://disk.yandex.ru/d/D9ED7TMs8CBr2A
Квартиры;БИЗНЕС;ОДНОКОМНАТНАЯ;25-50;СКАНДИНАВСКИЙ;СВЕТЛАЯ;ТЕПЛОЕ;НЕЙТРАЛЬНАЯ;1 ЧЕЛ;https://disk.yandex.ru/d/H_tiDvynAGfmDA
Квартиры;БИЗНЕС;ОДНОКОМНАТНАЯ;25-50;СКАНДИНАВСКИЙ;СВЕТЛАЯ;ТЕПЛОЕ;НЕЙТРАЛЬНАЯ;ПАРА;https://disk.yandex.ru/d/YrxXd7_v--1gUw
Квартиры;БИЗНЕС;ОДНОКОМНАТНАЯ;25-50;СКАНДИНАВСКИЙ;СВЕТЛАЯ;ТЕПЛОЕ;НЕЙТРАЛЬНАЯ;СЕМЬЯ ( ПАРА+1);https://disk.yandex.ru/d/PxzfgNENPn_pmg
Квартиры;БИЗНЕС;ОДНОКОМНАТНАЯ;25-50;СКАНДИНАВСКИЙ;СВЕТЛАЯ;ТЕПЛОЕ;НЕЙТРАЛЬНАЯ;СЕМЬЯ ( ПАРА+2);https://disk.yandex.ru/d/uFgRM1hYDrphkQ
Квартиры;БИЗНЕС;ДВУХКОМНАТНАЯ;50-100;СОВРЕМЕННЫЙ;СВЕТЛАЯ;ТЕПЛОЕ;ЯРКАЯ;1 ЧЕЛ;https://disk.yandex.ru/d/56moRztRlmDGUw
Квартиры;БИЗНЕС;ДВУХКОМНАТНАЯ;50-100;СОВРЕМЕННЫЙ;СВЕТЛАЯ;ТЕПЛОЕ;ЯРКАЯ;ПАРА;https://disk.yandex.ru/d/BbDDld0b_L22sQ
Квартиры;БИЗНЕС;ДВУХКОМНАТНАЯ;50-100;СОВРЕМЕННЫЙ;СВЕТЛАЯ;ТЕПЛОЕ;ЯРКАЯ;СЕМЬЯ ( ПАРА+1);https://disk.yandex.ru/d/p2EeH6OwFEu_9Q
Квартиры;БИЗНЕС;ДВУХКОМНАТНАЯ;50-100;СОВРЕМЕННЫЙ;СВЕТЛАЯ;ТЕПЛОЕ;ЯРКАЯ;СЕМЬЯ ( ПАРА+2);https://disk.yandex.ru/d/voocGvBa9-_iOg
Квартиры;БИЗНЕС;ДВУХКОМНАТНАЯ;50-100;СОВРЕМЕННЫЙ;СВЕТЛАЯ;ХОЛОДНОЕ;ЯРКАЯ;1 ЧЕЛ;https://disk.yandex.ru/d/sWCCmPQEvPI8pA
Квартиры;БИЗНЕС;ДВУХКОМНАТНАЯ;50-100;СОВРЕМЕННЫЙ;СВЕТЛАЯ;ХОЛОДНОЕ;ЯРКАЯ;ПАРА;https://disk.yandex.ru/d/0LH-YFSB__KzTw
Квартиры;БИЗНЕС;ДВУХКОМНАТНАЯ;50-100;СОВРЕМЕННЫЙ;СВЕТЛАЯ;ХОЛОДНОЕ;ЯРКАЯ;СЕМЬЯ ( ПАРА+1);https://disk.yandex.ru/d/nOC_fWFicNu4Fw
Квартиры;БИЗНЕС;ДВУХКОМНАТНАЯ;50-100;СОВРЕМЕННЫЙ;СВЕТЛАЯ;ХОЛОДНОЕ;ЯРКАЯ;СЕМЬЯ ( ПАРА+2);https://disk.yandex.ru/d/TH_p45-k9WrEhg
Квартиры;БИЗНЕС;ДВУХКОМНАТНАЯ;50-100;СОВРЕМЕННЫЙ;ТЕМНАЯ;ТЕПЛОЕ;ЯРКАЯ;1 ЧЕЛ;https://disk.yandex.ru/d/SD8mgs5VuMrOlQ
Квартиры;БИЗНЕС;ДВУХКОМНАТНАЯ;50-100;СОВРЕМЕННЫЙ;ТЕМНАЯ;ТЕПЛОЕ;ЯРКАЯ;ПАРА;https://disk.yandex.ru/d/eA8nWyXDbcuF6A
Квартиры;БИЗНЕС;ДВУХКОМНАТНАЯ;50-100;СОВРЕМЕННЫЙ;ТЕМНАЯ;ТЕПЛОЕ;ЯРКАЯ;СЕМЬЯ ( ПАРА+1);https://disk.yandex.ru/d/SuE2Mo_SSA0qEg
Квартиры;БИЗНЕС;ДВУХКОМНАТНАЯ;50-100;СОВРЕМЕННЫЙ;ТЕМНАЯ;ТЕПЛОЕ;ЯРКАЯ;СЕМЬЯ ( ПАРА+2);https://disk.yandex.ru/d/8Aq6gMAgFJkCUQ
Квартиры;БИЗНЕС;ДВУХКОМНАТНАЯ;50-100;СОВРЕМЕННЫЙ;ТЕМНАЯ;ХОЛОДНОЕ;ЯРКАЯ;1 ЧЕЛ;https://disk.yandex.ru/d/xDMiAClY2PU_CQ
Квартиры;БИЗНЕС;ДВУХКОМНАТНАЯ;50-100;СОВРЕМЕННЫЙ;ТЕМНАЯ;ХОЛОДНОЕ;ЯРКАЯ;ПАРА;https://disk.yandex.ru/d/S1ABSQm79T-tRw
Квартиры;БИЗНЕС;ДВУХКОМНАТНАЯ;50-100;СОВРЕМЕННЫЙ;ТЕМНАЯ;ХОЛОДНОЕ;ЯРКАЯ;СЕМЬЯ ( ПАРА+1);https://disk.yandex.ru/d/F4kt7U1og70anA
Квартиры;БИЗНЕС;ДВУХКОМНАТНАЯ;50-100;МИНИМАЛИЗМ;СВЕТЛАЯ;ТЕПЛОЕ;ЯРКАЯ;1 ЧЕЛ;https://disk.yandex.ru/d/WY9SyQI-rpD8Ow
Квартиры;БИЗНЕС;ДВУХКОМНАТНАЯ;50-100;МИНИМАЛИЗМ;СВЕТЛАЯ;ТЕПЛОЕ;ЯРКАЯ;ПАРА;https://disk.yandex.ru/d/Bd4I_vmI99KJdg
Квартиры;БИЗНЕС;ДВУХКОМНАТНАЯ;50-100;МИНИМАЛИЗМ;СВЕТЛАЯ;ТЕПЛОЕ;ЯРКАЯ;СЕМЬЯ ( ПАРА+1);https://disk.yandex.ru/d/zr3wRlS46RdO2w
Квартиры;БИЗНЕС;ДВУХКОМНАТНАЯ;50-100;МИНИМАЛИЗМ;СВЕТЛАЯ;ТЕПЛОЕ;ЯРКАЯ;СЕМЬЯ ( ПАРА+2);https://disk.yandex.ru/d/CuWHCAOc0vscaQ
Квартиры;БИЗНЕС;ДВУХКОМНАТНАЯ;50-100;МИНИМАЛИЗМ;СВЕТЛАЯ;ХОЛОДНОЕ;ЯРКАЯ;1 ЧЕЛ;https://disk.yandex.ru/d/oO1gwEiSTRpsFg
Квартиры;БИЗНЕС;ДВУХКОМНАТНАЯ;50-100;МИНИМАЛИЗМ;СВЕТЛАЯ;ХОЛОДНОЕ;ЯРКАЯ;ПАРА;https://disk.yandex.ru/d/OUg0vuQC0_kKVA
Квартиры;БИЗНЕС;ДВУХКОМНАТНАЯ;50-100;МИНИМАЛИЗМ;СВЕТЛАЯ;ХОЛОДНОЕ;ЯРКАЯ;СЕМЬЯ ( ПАРА+1);https://disk.yandex.ru/d/8Cv8werhg7sdOw
Квартиры;БИЗНЕС;ДВУХКОМНАТНАЯ;50-100;МИНИМАЛИЗМ;СВЕТЛАЯ;ХОЛОДНОЕ;ЯРКАЯ;СЕМЬЯ ( ПАРА+2);https://disk.yandex.ru/d/qMsx2WNCnjTw0w
Квартиры;БИЗНЕС;ДВУХКОМНАТНАЯ;50-100;МИНИМАЛИЗМ;ТЕМНАЯ;ТЕПЛОЕ;ЯРКАЯ;1 ЧЕЛ;https://disk.yandex.ru/d/mvoA5LRvnGfrRg
Квартиры;БИЗНЕС;ДВУХКОМНАТНАЯ;50-100;МИНИМАЛИЗМ;ТЕМНАЯ;ТЕПЛОЕ;ЯРКАЯ;ПАРА;https://disk.yandex.ru/d/VtUZchTO0HSXLA
Квартиры;БИЗНЕС;ДВУХКОМНАТНАЯ;50-100;МИНИМАЛИЗМ;ТЕМНАЯ;ТЕПЛОЕ;ЯРКАЯ;СЕМЬЯ ( ПАРА+1);https://disk.yandex.ru/d/zsRGOWD39loz2w
Квартиры;БИЗНЕС;ДВУХКОМНАТНАЯ;50-100;СКАНДИНАВСКИЙ;ТЕМНАЯ;ТЕПЛОЕ;НЕЙТРАЛЬНАЯ;СЕМЬЯ ( ПАРА+2);https://disk.yandex.ru/d/WaWNpyR6Q_i_pg
Квартиры;БИЗНЕС;ТРЕХКОМНАТНАЯ;100-200;СОВРЕМЕННЫЙ;СВЕТЛАЯ;ХОЛОДНОЕ;ЯРКАЯ;ПАРА;https://disk.yandex.ru/d/_qzQNFTDz8yDIg
Квартиры;ПРЕМИУМ;ОДНОКОМНАТНАЯ;25-50;СОВРЕМЕННЫЙ;СВЕТЛАЯ;ТЕПЛОЕ;НЕЙТРАЛЬНАЯ;1 ЧЕЛ;https://disk.yandex.ru/d/crH-rqWMTWTmAQ
